countryCode,thematicIdIdentifier,thematicIdIdentifierScheme,monitoringSiteIdentifier,monitoringSiteIdentifierScheme,monitoringSiteName,waterBodyIdentifier,waterBodyIdentifierScheme,waterBodyName,specialisedZoneType,naturalAWBHMWB,reservoir,surfaceWaterBodyTypeCode,subUnitIdentifier,subUnitIdentifierScheme,subUnitName,rbdIdentifier,rbdIdentifierScheme,rbdName,confidentialityStatus,lat,lon
AT,AT1000,euRBDCode,,,,,,,,,,,,,,AT1000,euRBDCode,DANUBE,inapplicable,47.68349,14.76229
AT,AT2000,euRBDCode,,,,,,,,,,,,,,AT2000,euRBDCode,RHINE,inapplicable,47.27943,9.878
AT,AT1001,euSubUnitCode,,,,,,,riverBasinDistrictSubUnit,,,,AT1001,euSubUnitCode,DANUBE,AT1000,euRBDCode,DANUBE,inapplicable,47.68349,14.76229
AT,AT1100,euSubUnitCode,,,,,,,riverBasinDistrictSubUnit,,,,AT1100,euSubUnitCode,DANUBE,AT1000,euRBDCode,DANUBE,inapplicable,47.4166,12.00988
AT,AT1200,euSubUnitCode,,,,,,,riverBasinDistrictSubUnit,,,,AT1200,euSubUnitCode,DANUBE,AT1000,euRBDCode,DANUBE,inapplicable,48.06191,14.86627
AT,AT1300,euSubUnitCode,,,,,,,riverBasinDistrictSubUnit,,,,AT1300,euSubUnitCode,DANUBE,AT1000,euRBDCode,DANUBE,inapplicable,48.65362,16.15634
AT,AT1400,euSubUnitCode,,,,,,,riverBasinDistrictSubUnit,,,,AT1400,euSubUnitCode,DANUBE,AT1000,euRBDCode,DANUBE,inapplicable,47.48702,16.19731
AT,AT1500,euSubUnitCode,,,,,,,riverBasinDistrictSubUnit,,,,AT1500,euSubUnitCode,DANUBE,AT1000,euRBDCode,DANUBE,inapplicable,47.16687,14.92063
AT,AT1600,euSubUnitCode,,,,,,,riverBasinDistrictSubUnit,,,,AT1600,euSubUnitCode,DANUBE,AT1000,euRBDCode,DANUBE,inapplicable,46.8005,13.70058
AT,AT2100,euSubUnitCode,,,,,,,riverBasinDistrictSubUnit,,,,AT2100,euSubUnitCode,RHINE,AT2000,euRBDCode,RHINE,inapplicable,47.27943,9.878
AT,AT5100,euSubUnitCode,,,,,,,riverBasinDistrictSubUnit,,,,AT5100,euSubUnitCode,ELBE,AT5000,euRBDCode,ELBE,inapplicable,48.80381,15.06465
BE,BEAM,eionetSubUnitCode,,,,,,,riverBasinDistrictSubUnit,,,,BEAM,eionetSubUnitCode,AMBLEVE,BEMEUSE_RW,euRBDCode,INTERNATIONAL RIVER BASIN DISTRICT OF THE MEUSE,inapplicable,,
BE,BEDE,eionetSubUnitCode,,,,,,,riverBasinDistrictSubUnit,,,,BEDE,eionetSubUnitCode,DENDRE,BEESCAUT_RW,euRBDCode,INTERNATIONAL RIVER BASIN DISTRICT OF THE SCHELDT,inapplicable,,
BE,BEDY,eionetSubUnitCode,,,,,,,riverBasinDistrictSubUnit,,,,BEDY,eionetSubUnitCode,DYLE-GETTE,BEESCAUT_RW,euRBDCode,INTERNATIONAL RIVER BASIN DISTRICT OF THE SCHELDT,inapplicable,,
BE,BEES,eionetSubUnitCode,,,,,,,riverBasinDistrictSubUnit,,,,BEES,eionetSubUnitCode,ESCAUT LYS,BEESCAUT_RW,euRBDCode,INTERNATIONAL RIVER BASIN DISTRICT OF THE SCHELDT,inapplicable,,
BE,BEHA,eionetSubUnitCode,,,,,,,riverBasinDistrictSubUnit,,,,BEHA,eionetSubUnitCode,HAINE,BEESCAUT_RW,euRBDCode,INTERNATIONAL RIVER BASIN DISTRICT OF THE SCHELDT,inapplicable,,
BE,BELE,eionetSubUnitCode,,,,,,,riverBasinDistrictSubUnit,,,,BELE,eionetSubUnitCode,LESSE,BEMEUSE_RW,euRBDCode,INTERNATIONAL RIVER BASIN DISTRICT OF THE MEUSE,inapplicable,,
BE,BEMM,eionetSubUnitCode,,,,,,,riverBasinDistrictSubUnit,,,,BEMM,eionetSubUnitCode,MEUSE AMONT,BEMEUSE_RW,euRBDCode,INTERNATIONAL RIVER BASIN DISTRICT OF THE MEUSE,inapplicable,,
BE,BEMO,eionetSubUnitCode,,,,,,,riverBasinDistrictSubUnit,,,,BEMO,eionetSubUnitCode,MOSELLE,BERHIN_RW,euRBDCode,INTERNATIONAL RIVER BASIN DISTRICT OF THE RHINE,inapplicable,,
BE,BEMV,eionetSubUnitCode,,,,,,,riverBasinDistrictSubUnit,,,,BEMV,eionetSubUnitCode,MEUSE AVAL,BEMEUSE_RW,euRBDCode,INTERNATIONAL RIVER BASIN DISTRICT OF THE MEUSE,inapplicable,,
BE,BEOI,eionetSubUnitCode,,,,,,,riverBasinDistrictSubUnit,,,,BEOI,eionetSubUnitCode,OISE,BESEINE_RW,euRBDCode,INTERNATIONAL RIVER BASIN DISTRICT OF THE SEINE,inapplicable,,
BE,BEOU,eionetSubUnitCode,,,,,,,riverBasinDistrictSubUnit,,,,BEOU,eionetSubUnitCode,OURTHE,BEMEUSE_RW,euRBDCode,INTERNATIONAL RIVER BASIN DISTRICT OF THE MEUSE,inapplicable,,
BE,BESA,eionetSubUnitCode,,,,,,,riverBasinDistrictSubUnit,,,,BESA,eionetSubUnitCode,SAMBRE,BEMEUSE_RW,euRBDCode,INTERNATIONAL RIVER BASIN DISTRICT OF THE MEUSE,inapplicable,,
BE,BESC,eionetSubUnitCode,,,,,,,riverBasinDistrictSubUnit,,,,BESC,eionetSubUnitCode,SEMOIS-CHIERS,BEMEUSE_RW,euRBDCode,INTERNATIONAL RIVER BASIN DISTRICT OF THE MEUSE,inapplicable,,
BE,BESE,eionetSubUnitCode,,,,,,,riverBasinDistrictSubUnit,,,,BESE,eionetSubUnitCode,SENNE,BEESCAUT_RW,euRBDCode,INTERNATIONAL RIVER BASIN DISTRICT OF THE SCHELDT,inapplicable,,
BE,BEVE,eionetSubUnitCode,,,,,,,riverBasinDistrictSubUnit,,,,BEVE,eionetSubUnitCode,VESDRE,BEMEUSE_RW,euRBDCode,INTERNATIONAL RIVER BASIN DISTRICT OF THE MEUSE,inapplicable,,
BE,BEESCAUT_RW,euRBDCode,,,,,,,,,,,,,,BEESCAUT_RW,euRBDCode,INTERNATIONAL RIVER BASIN DISTRICT OF THE SCHELDT,inapplicable,50.55519,3.81077
BE,BEESCAUT_SCHELDE_BR,euRBDCode,,,,,,,,,,,,,,BEESCAUT_SCHELDE_BR,euRBDCode,INTERNATIONAL RIVER BASIN DISTRICT OF THE SCHELDT,inapplicable,50.83879,4.37527
BE,BEMAAS_VL,euRBDCode,,,,,,,,,,,,,,BEMAAS_VL,euRBDCode,INTERNATIONAL RIVER BASIN DISTRICT OF THE MEUSE,inapplicable,51.13338,5.5538
BE,BEMEUSE_RW,euRBDCode,,,,,,,,,,,,,,BEMEUSE_RW,euRBDCode,INTERNATIONAL RIVER BASIN DISTRICT OF THE MEUSE,inapplicable,50.15446,5.38482
BE,BERHIN_RW,euRBDCode,,,,,,,,,,,,,,BERHIN_RW,euRBDCode,INTERNATIONAL RIVER BASIN DISTRICT OF THE RHINE,inapplicable,49.91007,5.70472
BE,BESCHELDE_VL,euRBDCode,,,,,,,,,,,,,,BESCHELDE_VL,euRBDCode,INTERNATIONAL RIVER BASIN DISTRICT OF THE SCHELDT,inapplicable,51.03505,4.04262
BE,BESEINE_RW,euRBDCode,,,,,,,,,,,,,,BESEINE_RW,euRBDCode,INTERNATIONAL RIVER BASIN DISTRICT OF THE SEINE,inapplicable,49.99172,4.2539
BE,BEMAAS_VL,euSubUnitCode,,,,,,,riverBasinDistrictSubUnit,,,,BEMAAS_VL,euSubUnitCode,INTERNATIONAL RIVER BASIN DISTRICT OF THE MEUSE,BEMAAS_VL,euRBDCode,INTERNATIONAL RIVER BASIN DISTRICT OF THE MEUSE,inapplicable,51.13338,5.5538
BE,BESCHELDE_VL,euSubUnitCode,,,,,,,riverBasinDistrictSubUnit,,,,BESCHELDE_VL,euSubUnitCode,INTERNATIONAL RIVER BASIN DISTRICT OF THE SCHELDT,BESCHELDE_VL,euRBDCode,INTERNATIONAL RIVER BASIN DISTRICT OF THE SCHELDT,inapplicable,51.03505,4.04262
BG,BG1000,euRBDCode,,,,,,,,,,,,,,BG1000,euRBDCode,DANUBE,inapplicable,43.14879,24.72896
BG,BG2000,euRBDCode,,,,,,,,,,,,,,BG2000,euRBDCode,BLACK SEA,inapplicable,42.69236,27.40912
BG,BG3000,euRBDCode,,,,,,,,,,,,,,BG3000,euRBDCode,EAST AEGEAN,inapplicable,42.04159,25.41705
BG,BG4000,euRBDCode,,,,,,,,,,,,,,BG4000,euRBDCode,WEST AEGEAN,inapplicable,42.07349,23.22806
CH,CHRBD-1,eionetRBDCode,,,,,,,,,,,,,,CHRBD-1,eionetRBDCode,RHINE,inapplicable,47.06708,8.15005
CH,CHRBD-2,eionetRBDCode,,,,,,,,,,,,,,CHRBD-2,eionetRBDCode,RHONE,inapplicable,46.27011,7.4767
CH,CHRBD-3,eionetRBDCode,,,,,,,,,,,,,,CHRBD-3,eionetRBDCode,DANUBE,inapplicable,46.6677,10.13005
CH,CHRBD-4,eionetRBDCode,,,,,,,,,,,,,,CHRBD-4,eionetRBDCode,PO,inapplicable,46.22195,8.86542
CH,CH1010,eionetSubUnitCode,,,,,,,riverBasinDistrictSubUnit,,,,CH1010,eionetSubUnitCode,REZGUS,CHRBD-1,eionetRBDCode,RHINE,inapplicable,,
CH,CH5002,eionetSubUnitCode,,,,,,,riverBasinDistrictSubUnit,,,,CH5002,eionetSubUnitCode,DOUBS,CHRBD-2,eionetRBDCode,RHONE,inapplicable,,
CH,CH5003,eionetSubUnitCode,,,,,,,riverBasinDistrictSubUnit,,,,CH5003,eionetSubUnitCode,RHO-EZGUS,CHRBD-2,eionetRBDCode,RHONE,inapplicable,,
CH,CH6001,eionetSubUnitCode,,,,,,,riverBasinDistrictSubUnit,,,,CH6001,eionetSubUnitCode,TICINO,CHRBD-4,eionetRBDCode,PO,inapplicable,,
CH,CH6006,eionetSubUnitCode,,,,,,,riverBasinDistrictSubUnit,,,,CH6006,eionetSubUnitCode,PO-EZGUS,CHRBD-4,eionetRBDCode,PO,inapplicable,,
CH,CH8001,eionetSubUnitCode,,,,,,,riverBasinDistrictSubUnit,,,,CH8001,eionetSubUnitCode,INN,CHRBD-3,eionetRBDCode,DANUBE,inapplicable,,
CH,CH8002,eionetSubUnitCode,,,,,,,riverBasinDistrictSubUnit,,,,CH8002,eionetSubUnitCode,INNS-CHANF,CHRBD-3,eionetRBDCode,DANUBE,inapplicable,,
CH,CHINNS-CHANF,eionetSubUnitCode,,,,,,,riverBasinDistrictSubUnit,,,,CHINNS-CHANF,eionetSubUnitCode,INNS-CHANF,CHRBD-3,eionetRBDCode,DANUBE,inapplicable,,
CH,CHREZGUS,eionetSubUnitCode,,,,,,,riverBasinDistrictSubUnit,,,,CHREZGUS,eionetSubUnitCode,RHINE DOWNSTREAM OF THE ALPINE LAKES,CHRBD-1,eionetRBDCode,RHINE,inapplicable,,
CH,CHRHINEWEIL,eionetSubUnitCode,,,,,,,riverBasinDistrictSubUnit,,,,CHRHINEWEIL,eionetSubUnitCode,RHINEWEIL_CH-PART,CHRBD-1,eionetRBDCode,RHINE,inapplicable,,
CH,CHRHONECHANCY,eionetSubUnitCode,,,,,,,riverBasinDistrictSubUnit,,,,CHRHONECHANCY,eionetSubUnitCode,RHONECHANCY_CH-PART,CHRBD-2,eionetRBDCode,RHONE,inapplicable,,
CH,CHRHONEEMISSAIRE,eionetSubUnitCode,,,,,,,riverBasinDistrictSubUnit,,,,CHRHONEEMISSAIRE,eionetSubUnitCode,RHONEEMISSAIRE_CH-PART,CHRBD-2,eionetRBDCode,RHONE,inapplicable,,
CH,CHRHONEPDSCEX,eionetSubUnitCode,,,,,,,riverBasinDistrictSubUnit,,,,CHRHONEPDSCEX,eionetSubUnitCode,RHONE UPSTREAM LAKE GENEVA,CHRBD-2,eionetRBDCode,RHONE,inapplicable,,
CH,CHSU-1,eionetSubUnitCode,,,,,,,riverBasinDistrictSubUnit,,,,CHSU-1,eionetSubUnitCode,RHINE,CHRBD-1,eionetRBDCode,RHINE,inapplicable,47.06708,8.15005
CH,CHSU-2,eionetSubUnitCode,,,,,,,riverBasinDistrictSubUnit,,,,CHSU-2,eionetSubUnitCode,RHONE,CHRBD-2,eionetRBDCode,RHONE,inapplicable,46.27011,7.4767
CH,CHSU-3,eionetSubUnitCode,,,,,,,riverBasinDistrictSubUnit,,,,CHSU-3,eionetSubUnitCode,DANUBE,CHRBD-3,eionetRBDCode,DANUBE,inapplicable,46.6677,10.13005
CH,CHSU-4,eionetSubUnitCode,,,,,,,riverBasinDistrictSubUnit,,,,CHSU-4,eionetSubUnitCode,PO,CHRBD-4,eionetRBDCode,PO,inapplicable,46.22195,8.86542
CH,CHSU-5,eionetSubUnitCode,,,,,,,riverBasinDistrictSubUnit,,,,CHSU-5,eionetSubUnitCode,ADIGE,CHRBD-5,eionetRBDCode,ADIGE,inapplicable,46.59708,10.40694
CH,CHTICINO,eionetSubUnitCode,,,,,,,riverBasinDistrictSubUnit,,,,CHTICINO,eionetSubUnitCode,TICINO CATCHMENT,CHRBD-4,eionetRBDCode,PO,inapplicable,,
CH,CHTICINORIAZZINO,eionetSubUnitCode,,,,,,,riverBasinDistrictSubUnit,,,,CHTICINORIAZZINO,eionetSubUnitCode,TICINORIAZZINO-CH-PART,CHRBD-4,eionetRBDCode,PO,inapplicable,,
CY,CY001,euRBDCode,,,,,,,,,,,,,,CY001,euRBDCode,CYPRUS,inapplicable,35.12902,33.23153
CZ,CZ1000,euRBDCode,,,,,,,,,,,,,,CZ1000,euRBDCode,DANUBE,inapplicable,49.43052,17.07596
CZ,CZ5000,euRBDCode,,,,,,,,,,,,,,CZ5000,euRBDCode,ELBE,inapplicable,49.80375,14.51824
CZ,CZ6000,euRBDCode,,,,,,,,,,,,,,CZ6000,euRBDCode,ODRA,inapplicable,49.92102,17.79042
CZ,CZBER,euSubUnitCode,,,,,,,riverBasinDistrictSubUnit,,,,CZBER,euSubUnitCode,BEROUNKA,CZ5000,euRBDCode,ELBE,inapplicable,49.69869,13.34034
CZ,CZDUN,euSubUnitCode,,,,,,,riverBasinDistrictSubUnit,,,,CZDUN,euSubUnitCode,OTHER TRIBUTARIES OF THE DANUBE,CZ1000,euRBDCode,DANUBE,inapplicable,49.6536,12.59396
CZ,CZDVL,euSubUnitCode,,,,,,,riverBasinDistrictSubUnit,,,,CZDVL,euSubUnitCode,LOWER VLTAVA,CZ5000,euRBDCode,ELBE,inapplicable,49.82968,14.64707
CZ,CZDYJ,euSubUnitCode,,,,,,,riverBasinDistrictSubUnit,,,,CZDYJ,euSubUnitCode,DYJE,CZ1000,euRBDCode,DANUBE,inapplicable,49.20625,16.13817
CZ,CZHOD,euSubUnitCode,,,,,,,riverBasinDistrictSubUnit,,,,CZHOD,euSubUnitCode,UPPER ODRA,CZ6000,euRBDCode,ODRA,inapplicable,49.92102,17.79042
CZ,CZHSL,euSubUnitCode,,,,,,,riverBasinDistrictSubUnit,,,,CZHSL,euSubUnitCode,UPPER AND MIDDLE ELBE,CZ5000,euRBDCode,ELBE,inapplicable,50.25708,15.42976
CZ,CZHVL,euSubUnitCode,,,,,,,riverBasinDistrictSubUnit,,,,CZHVL,euSubUnitCode,UPPER VLTAVA,CZ5000,euRBDCode,ELBE,inapplicable,49.1043,14.2837
CZ,CZLNO,euSubUnitCode,,,,,,,riverBasinDistrictSubUnit,,,,CZLNO,euSubUnitCode,LUŽICKÁ NISA AND OTHER TRIBUTARIES OF THE ODRA,CZ6000,euRBDCode,ODRA,inapplicable,50.8579,15.05683
CZ,CZMOV,euSubUnitCode,,,,,,,riverBasinDistrictSubUnit,,,,CZMOV,euSubUnitCode,MORAVA AND TRIBUTARIES OF THE VÁH,CZ1000,euRBDCode,DANUBE,inapplicable,49.43052,17.62822
CZ,CZOHL,euSubUnitCode,,,,,,,riverBasinDistrictSubUnit,,,,CZOHL,euSubUnitCode,"OHŘE, LOWER ELBE AND OTHER TRIBUTARIES OF THE ELBE",CZ5000,euRBDCode,ELBE,inapplicable,50.49269,13.82903
DE,DE1000,euRBDCode,,,,,,,,,,,,,,DE1000,euRBDCode,DONAU,inapplicable,48.65079,11.87766
DE,DE2000,euRBDCode,,,,,,,,,,,,,,DE2000,euRBDCode,RHEIN,inapplicable,50.00909,8.98876
DE,DE3000,euRBDCode,,,,,,,,,,,,,,DE3000,euRBDCode,EMS,inapplicable,52.63151,7.58613
DE,DE4000,euRBDCode,,,,,,,,,,,,,,DE4000,euRBDCode,WESER,inapplicable,51.82277,9.44409
DE,DE5000,euRBDCode,,,,,,,,,,,,,,DE5000,euRBDCode,ELBE,inapplicable,52.13534,12.86925
DE,DE6000,euRBDCode,,,,,,,,,,,,,,DE6000,euRBDCode,ODER,inapplicable,53.44794,14.19964
DE,DE7000,euRBDCode,,,,,,,,,,,,,,DE7000,euRBDCode,MAAS,inapplicable,51.10896,6.28501
DE,DE9500,euRBDCode,,,,,,,,,,,,,,DE9500,euRBDCode,EIDER,inapplicable,54.53531,8.76783
DE,DE9610,euRBDCode,,,,,,,,,,,,,,DE9610,euRBDCode,SCHLEI/TRAVE,inapplicable,54.21165,10.79018
DE,DE9650,euRBDCode,,,,,,,,,,,,,,DE9650,euRBDCode,WARNOW/PEENE,inapplicable,54.11098,12.67514
DK,DK1,euRBDCode,,,,,,,,,,,,,,DK1,euRBDCode,JUTLAND AND FUNEN,inapplicable,56.23672,9.4874
DK,DK2,euRBDCode,,,,,,,,,,,,,,DK2,euRBDCode,SEALAND,inapplicable,55.37243,11.84605
DK,DK3,euRBDCode,,,,,,,,,,,,,,DK3,euRBDCode,BORNHOLM,inapplicable,55.14225,14.92984
DK,DK4,euRBDCode,,,,,,,,,,,,,,DK4,euRBDCode,VIDAA-KRUSAA,inapplicable,54.97532,9.04974
EE,EE1SU1,eionetSubUnitCode,,,,,,,riverBasinDistrictSubUnit,,,,EE1SU1,eionetSubUnitCode,LÄÄNESAARTE,EE1,euRBDCode,LÄÄNE-EESTI VESIKOND,inapplicable,,
EE,EE1SU2,eionetSubUnitCode,,,,,,,riverBasinDistrictSubUnit,,,,EE1SU2,eionetSubUnitCode,MATSALU,EE1,euRBDCode,LÄÄNE-EESTI VESIKOND,inapplicable,,
EE,EE1SU3,eionetSubUnitCode,,,,,,,riverBasinDistrictSubUnit,,,,EE1SU3,eionetSubUnitCode,PÄRNU,EE1,euRBDCode,LÄÄNE-EESTI VESIKOND,inapplicable,,
EE,EE1SU4,eionetSubUnitCode,,,,,,,riverBasinDistrictSubUnit,,,,EE1SU4,eionetSubUnitCode,HARJU,EE1,euRBDCode,LÄÄNE-EESTI VESIKOND,inapplicable,,
EE,EE2SU5,eionetSubUnitCode,,,,,,,riverBasinDistrictSubUnit,,,,EE2SU5,eionetSubUnitCode,VIRU,EE2,euRBDCode,IDA-EESTI VESIKOND,inapplicable,,
EE,EE2SU7,eionetSubUnitCode,,,,,,,riverBasinDistrictSubUnit,,,,EE2SU7,eionetSubUnitCode,VORTSJÄRVE,EE2,euRBDCode,IDA-EESTI VESIKOND,inapplicable,,
EE,EE2SU8,eionetSubUnitCode,,,,,,,riverBasinDistrictSubUnit,,,,EE2SU8,eionetSubUnitCode,PEIPSI,EE2,euRBDCode,IDA-EESTI VESIKOND,inapplicable,,
EE,EE3SU9,eionetSubUnitCode,,,,,,,riverBasinDistrictSubUnit,,,,EE3SU9,eionetSubUnitCode,MUSTJOE,EE3,euRBDCode,KOIVA VESIKOND,inapplicable,,
EE,EE1,euRBDCode,,,,,,,,,,,,,,EE1,euRBDCode,LÄÄNE-EESTI VESIKOND,inapplicable,58.70643,23.7381
EE,EE2,euRBDCode,,,,,,,,,,,,,,EE2,euRBDCode,IDA-EESTI VESIKOND,inapplicable,58.6947,26.8891
EE,EE3,euRBDCode,,,,,,,,,,,,,,EE3,euRBDCode,KOIVA VESIKOND,inapplicable,57.687,26.6218
EL,EL01,euRBDCode,,,,,,,,,,,,,,EL01,euRBDCode,WESTERN PELOPONNESE,inapplicable,37.30386,21.8809
EL,EL02,euRBDCode,,,,,,,,,,,,,,EL02,euRBDCode,NORTHERN PELOPONNESE,inapplicable,38.0169,22.0774
EL,EL05,euRBDCode,,,,,,,,,,,,,,EL05,euRBDCode,EPIRUS,inapplicable,39.5891,20.68052
EL,EL07,euRBDCode,,,,,,,,,,,,,,EL07,euRBDCode,EASTERN STEREA ELLADA,inapplicable,38.48715,23.24375
EL,EL08,euRBDCode,,,,,,,,,,,,,,EL08,euRBDCode,THESSALIA,inapplicable,39.57732,22.22579
EL,EL09,euRBDCode,,,,,,,,,,,,,,EL09,euRBDCode,WESTERN MACEDONIA,inapplicable,40.49467,21.80996
EL,EL10,euRBDCode,,,,,,,,,,,,,,EL10,euRBDCode,CENTRAL MACEDONIA,inapplicable,40.61739,23.00132
EL,EL11,euRBDCode,,,,,,,,,,,,,,EL11,euRBDCode,EASTERN MACEDONIA,inapplicable,41.00751,23.82716
EL,EL12,euRBDCode,,,,,,,,,,,,,,EL12,euRBDCode,THRACE,inapplicable,41.23504,25.36024
EL,EL13,euRBDCode,,,,,,,,,,,,,,EL13,euRBDCode,CRETE,inapplicable,35.30546,24.63317
EL,EL14,euRBDCode,,,,,,,,,,,,,,EL14,euRBDCode,AEGEAN ISLANDS,inapplicable,39.17604,26.18672
ES,ES010,euRBDCode,,,,,,,,,,,,,,ES010,euRBDCode,MINHO,inapplicable,42.62666,-7.06726
ES,ES014,euRBDCode,,,,,,,,,,,,,,ES014,euRBDCode,GALICIAN COAST,inapplicable,42.8395,-8.52377
ES,ES017,euRBDCode,,,,,,,,,,,,,,ES017,euRBDCode,EASTERN CANTABRIAN,inapplicable,43.18734,-2.33537
ES,ES018,euRBDCode,,,,,,,,,,,,,,ES018,euRBDCode,WESTERN CANTABRIAN,inapplicable,43.18945,-5.26554
ES,ES020,euRBDCode,,,,,,,,,,,,,,ES020,euRBDCode,DUERO,inapplicable,41.65923,-4.13991
ES,ES030,euRBDCode,,,,,,,,,,,,,,ES030,euRBDCode,TAGUS,inapplicable,40.23218,-3.84263
ES,ES040,euRBDCode,,,,,,,,,,,,,,ES040,euRBDCode,GUADIANA,inapplicable,38.6503,-5.80476
ES,ES050,euRBDCode,,,,,,,,,,,,,,ES050,euRBDCode,GUADALQUIVIR,inapplicable,37.71854,-4.31941
ES,ES060,euRBDCode,,,,,,,,,,,,,,ES060,euRBDCode,ANDALUSIA MEDITERRANEAN BASINS,inapplicable,36.80965,-3.58952
ES,ES063,euRBDCode,,,,,,,,,,,,,,ES063,euRBDCode,GUADALETE AND BARBATE,inapplicable,36.47901,-5.75827
ES,ES064,euRBDCode,,,,,,,,,,,,,,ES064,euRBDCode,"TINTO, ODIEL AND PIEDRAS",inapplicable,37.4876,-6.86604
ES,ES070,euRBDCode,,,,,,,,,,,,,,ES070,euRBDCode,SEGURA,inapplicable,38.11555,-1.63191
ES,ES080,euRBDCode,,,,,,,,,,,,,,ES080,euRBDCode,JUCAR,inapplicable,39.66838,-0.95916
ES,ES091,euRBDCode,,,,,,,,,,,,,,ES091,euRBDCode,EBRO,inapplicable,41.75761,-0.12795
ES,ES100,euRBDCode,,,,,,,,,,,,,,ES100,euRBDCode,INTERNAL BASINS OF CATALONIA,inapplicable,41.64239,2.10738
ES,ES110,euRBDCode,,,,,,,,,,,,,,ES110,euRBDCode,BALEARIC ISLANDS,inapplicable,39.5434,2.85687
ES,ES120,euRBDCode,,,,,,,,,,,,,,ES120,euRBDCode,GRAN CANARIA,inapplicable,27.95749,-15.5972
ES,ES124,euRBDCode,,,,,,,,,,,,,,ES124,euRBDCode,TENERIFE,inapplicable,28.29628,-16.62133
ES,ES125,euRBDCode,,,,,,,,,,,,,,ES125,euRBDCode,LA PALMA,inapplicable,28.65733,-17.86599
ES,ES160,euRBDCode,,,,,,,,,,,,,,ES160,euRBDCode,MELILLA,inapplicable,35.29622,-2.94084
FI,FIVHA1,euRBDCode,,,,,,,,,,,,,,FIVHA1,euRBDCode,VUOKSI RIVER BASIN DISTRICT,inapplicable,62.31414,29.13977
FI,FIVHA2,euRBDCode,,,,,,,,,,,,,,FIVHA2,euRBDCode,KYMIJOKI-GULF OF FINLAND RIVER BASIN DISTRICT,inapplicable,61.82285,25.37218
FI,FIVHA3,euRBDCode,,,,,,,,,,,,,,FIVHA3,euRBDCode,KOKEMÄENJOKI-ARCHIPELAGO SEA-BOTHNIAN SEA RIVER BASIN DISTRICT,inapplicable,62.00497,22.94575
FI,FIVHA4,euRBDCode,,,,,,,,,,,,,,FIVHA4,euRBDCode,OULUJOKI-IIJOKI RIVER BASIN DISTRICT,inapplicable,65.14716,27.1843
FI,FIVHA5,euRBDCode,,,,,,,,,,,,,,FIVHA5,euRBDCode,KEMIJOKI RIVER BASIN DISTRICT,inapplicable,67.10118,26.91337
FI,FIVHA6,euRBDCode,,,,,,,,,,,,,,FIVHA6,euRBDCode,TORNIONJOKI IRBD,inapplicable,67.46222,23.9432
FI,FIVHA7,euRBDCode,,,,,,,,,,,,,,FIVHA7,euRBDCode,"TENO, NÄÄTÄMÖJOKI AND PAATSJOKI IRBD",inapplicable,68.85179,27.03102
FI,FIWDA,euRBDCode,,,,,,,,,,,,,,FIWDA,euRBDCode,ÅLAND RIVER BASIN DISTRICT,inapplicable,60.21686,20.13996
FR,FRA,euRBDCode,,,,,,,,,,,,,,FRA,euRBDCode,"L'ESCAUT, LA SOMME ET LES COURS D'EAU CÔTIERS DE LA MANCHE ET DE LA MER DU NORD",inapplicable,50.32888,2.59435
FR,FRB1,euRBDCode,,,,,,,,,,,,,,FRB1,euRBDCode,LA MEUSE,inapplicable,49.4296,5.19079
FR,FRB2,euRBDCode,,,,,,,,,,,,,,FRB2,euRBDCode,LA SAMBRE,inapplicable,50.14348,3.93025
FR,FRC,euRBDCode,,,,,,,,,,,,,,FRC,euRBDCode,LE RHIN,inapplicable,48.46767,6.82839
FR,FRD,euRBDCode,,,,,,,,,,,,,,FRD,euRBDCode,LE RHÔNE ET LES COURS D'EAU CÔTIERS MÉDITERRANÉENS,inapplicable,45.31738,4.72032
FR,FRE,euRBDCode,,,,,,,,,,,,,,FRE,euRBDCode,LES COURS D'EAU DE LA CORSE,inapplicable,42.04935,9.04759
FR,FRF,euRBDCode,,,,,,,,,,,,,,FRF,euRBDCode,"LA GARONNE, L'ADOUR, LA DORDOGNE, LA CHARENTE ET LES COURS D'EAU CÔTIERS CHARENTAIS ET AQUITAINS",inapplicable,44.4392,1.23376
FR,FRG,euRBDCode,,,,,,,,,,,,,,FRG,euRBDCode,"LA LOIRE, LES COURS D'EAU CÔTIERS VENDÉENS ET BRETONS",inapplicable,46.74936,1.03242
FR,FRH,euRBDCode,,,,,,,,,,,,,,FRH,euRBDCode,LA SEINE ET LES COURS D'EAU CÔTIERS NORMANDS,inapplicable,48.51247,3.23893
FR,FRI,euRBDCode,,,,,,,,,,,,,,FRI,euRBDCode,LES COURS D'EAU DE LA GUADELOUPE,inapplicable,16.1732,-61.44307
FR,FRJ,euRBDCode,,,,,,,,,,,,,,FRJ,euRBDCode,LES COURS D'EAU DE LA MARTINIQUE,inapplicable,14.64564,-61.02271
FR,FRK,euRBDCode,,,,,,,,,,,,,,FRK,euRBDCode,LES FLEUVES ET COURS D'EAU CÔTIERS DE LA GUYANE,inapplicable,3.86687,-53.10976
FR,FRL,euRBDCode,,,,,,,,,,,,,,FRL,euRBDCode,LES COURS D'EAU DE LA RÉUNION,inapplicable,-21.13072,55.5411
FR,FRM,euRBDCode,,,,,,,,,,,,,,FRM,euRBDCode,MAYOTTE,inapplicable,-12.83557,45.12591
FR,FRA,euSubUnitCode,,,,,,,riverBasinDistrictSubUnit,,,,FRA,euSubUnitCode,"L'ESCAUT, LA SOMME ET LES COURS D'EAU CÔTIERS DE LA MANCHE ET DE LA MER DU NORD",FRA,euRBDCode,"L'ESCAUT, LA SOMME ET LES COURS D'EAU CÔTIERS DE LA MANCHE ET DE LA MER DU NORD",inapplicable,50.32888,2.59435
FR,FRB1,euSubUnitCode,,,,,,,riverBasinDistrictSubUnit,,,,FRB1,euSubUnitCode,LA MEUSE,FRB1,euRBDCode,LA MEUSE,inapplicable,49.4296,5.19079
FR,FRB2,euSubUnitCode,,,,,,,riverBasinDistrictSubUnit,,,,FRB2,euSubUnitCode,LA SAMBRE,FRB2,euRBDCode,LA SAMBRE,inapplicable,50.14348,3.93025
FR,FRC_MOSE,euSubUnitCode,,,,,,,riverBasinDistrictSubUnit,,,,FRC_MOSE,euSubUnitCode,RHIN,FRC,euRBDCode,LE RHIN,inapplicable,48.75174,6.46602
FR,FRC_RHIN,euSubUnitCode,,,,,,,riverBasinDistrictSubUnit,,,,FRC_RHIN,euSubUnitCode,RHIN,FRC,euRBDCode,LE RHIN,inapplicable,48.32237,7.44893
FR,FRD_COCA,euSubUnitCode,,,,,,,riverBasinDistrictSubUnit,,,,FRD_COCA,euSubUnitCode,RHÔNE ET COURS D'EAU CÔTIERS MÉDITERANÉENS,FRD,euRBDCode,LE RHÔNE ET LES COURS D'EAU CÔTIERS MÉDITERRANÉENS,inapplicable,43.5587,6.16875
FR,FRD_COLR,euSubUnitCode,,,,,,,riverBasinDistrictSubUnit,,,,FRD_COLR,euSubUnitCode,RHÔNE ET COURS D'EAU CÔTIERS MÉDITERANÉENS,FRD,euRBDCode,LE RHÔNE ET LES COURS D'EAU CÔTIERS MÉDITERRANÉENS,inapplicable,43.24005,3.01431
FR,FRD_DOUB,euSubUnitCode,,,,,,,riverBasinDistrictSubUnit,,,,FRD_DOUB,euSubUnitCode,RHÔNE ET COURS D'EAU CÔTIERS MÉDITERANÉENS,FRD,euRBDCode,LE RHÔNE ET LES COURS D'EAU CÔTIERS MÉDITERRANÉENS,inapplicable,47.15202,6.24545
FR,FRD_DURA,euSubUnitCode,,,,,,,riverBasinDistrictSubUnit,,,,FRD_DURA,euSubUnitCode,RHÔNE ET COURS D'EAU CÔTIERS MÉDITERANÉENS,FRD,euRBDCode,LE RHÔNE ET LES COURS D'EAU CÔTIERS MÉDITERRANÉENS,inapplicable,44.20038,5.89433
FR,FRD_GARD,euSubUnitCode,,,,,,,riverBasinDistrictSubUnit,,,,FRD_GARD,euSubUnitCode,RHÔNE ET COURS D'EAU CÔTIERS MÉDITERANÉENS,FRD,euRBDCode,LE RHÔNE ET LES COURS D'EAU CÔTIERS MÉDITERRANÉENS,inapplicable,44.50872,4.35359
FR,FRD_HRHO,euSubUnitCode,,,,,,,riverBasinDistrictSubUnit,,,,FRD_HRHO,euSubUnitCode,RHÔNE ET COURS D'EAU CÔTIERS MÉDITERANÉENS,FRD,euRBDCode,LE RHÔNE ET LES COURS D'EAU CÔTIERS MÉDITERRANÉENS,inapplicable,46.08775,6.01414
FR,FRD_ISER,euSubUnitCode,,,,,,,riverBasinDistrictSubUnit,,,,FRD_ISER,euSubUnitCode,RHÔNE ET COURS D'EAU CÔTIERS MÉDITERANÉENS,FRD,euRBDCode,LE RHÔNE ET LES COURS D'EAU CÔTIERS MÉDITERRANÉENS,inapplicable,45.08565,5.88314
FR,FRD_RHON,euSubUnitCode,,,,,,,riverBasinDistrictSubUnit,,,,FRD_RHON,euSubUnitCode,RHÔNE ET COURS D'EAU CÔTIERS MÉDITERANÉENS,FRD,euRBDCode,LE RHÔNE ET LES COURS D'EAU CÔTIERS MÉDITERRANÉENS,inapplicable,45.65731,4.93943
FR,FRD_SAON,euSubUnitCode,,,,,,,riverBasinDistrictSubUnit,,,,FRD_SAON,euSubUnitCode,RHÔNE ET COURS D'EAU CÔTIERS MÉDITERANÉENS,FRD,euRBDCode,LE RHÔNE ET LES COURS D'EAU CÔTIERS MÉDITERRANÉENS,inapplicable,47.17469,5.43661
FR,FRE,euSubUnitCode,,,,,,,riverBasinDistrictSubUnit,,,,FRE,euSubUnitCode,LES COURS D'EAU DE LA CORSE,FRE,euRBDCode,LES COURS D'EAU DE LA CORSE,inapplicable,42.04935,9.04759
FR,FRF_ADOU,euSubUnitCode,,,,,,,riverBasinDistrictSubUnit,,,,FRF_ADOU,euSubUnitCode,"GARONNE, ADOUR, DORDOGNE, CHARENTE ET COURS D'EAU CÔTIERS CHARENTAIS ET AQUITAINS",FRF,euRBDCode,"LA GARONNE, L'ADOUR, LA DORDOGNE, LA CHARENTE ET LES COURS D'EAU CÔTIERS CHARENTAIS ET AQUITAINS",inapplicable,43.43704,-0.5009
FR,FRF_CHAR,euSubUnitCode,,,,,,,riverBasinDistrictSubUnit,,,,FRF_CHAR,euSubUnitCode,"GARONNE, ADOUR, DORDOGNE, CHARENTE ET COURS D'EAU CÔTIERS CHARENTAIS ET AQUITAINS",FRF,euRBDCode,"LA GARONNE, L'ADOUR, LA DORDOGNE, LA CHARENTE ET LES COURS D'EAU CÔTIERS CHARENTAIS ET AQUITAINS",inapplicable,45.80323,-0.11834
FR,FRF_COAC,euSubUnitCode,,,,,,,riverBasinDistrictSubUnit,,,,FRF_COAC,euSubUnitCode,"GARONNE, ADOUR, DORDOGNE, CHARENTE ET COURS D'EAU CÔTIERS CHARENTAIS ET AQUITAINS",FRF,euRBDCode,"LA GARONNE, L'ADOUR, LA DORDOGNE, LA CHARENTE ET LES COURS D'EAU CÔTIERS CHARENTAIS ET AQUITAINS",inapplicable,44.76596,-1.00745
FR,FRF_DORD,euSubUnitCode,,,,,,,riverBasinDistrictSubUnit,,,,FRF_DORD,euSubUnitCode,"GARONNE, ADOUR, DORDOGNE, CHARENTE ET COURS D'EAU CÔTIERS CHARENTAIS ET AQUITAINS",FRF,euRBDCode,"LA GARONNE, L'ADOUR, LA DORDOGNE, LA CHARENTE ET LES COURS D'EAU CÔTIERS CHARENTAIS ET AQUITAINS",inapplicable,45.1676,1.26643
FR,FRF_GARO,euSubUnitCode,,,,,,,riverBasinDistrictSubUnit,,,,FRF_GARO,euSubUnitCode,"GARONNE, ADOUR, DORDOGNE, CHARENTE ET COURS D'EAU CÔTIERS CHARENTAIS ET AQUITAINS",FRF,euRBDCode,"LA GARONNE, L'ADOUR, LA DORDOGNE, LA CHARENTE ET LES COURS D'EAU CÔTIERS CHARENTAIS ET AQUITAINS",inapplicable,43.69839,0.74706
FR,FRF_LOT,euSubUnitCode,,,,,,,riverBasinDistrictSubUnit,,,,FRF_LOT,euSubUnitCode,"GARONNE, ADOUR, DORDOGNE, CHARENTE ET COURS D'EAU CÔTIERS CHARENTAIS ET AQUITAINS",FRF,euRBDCode,"LA GARONNE, L'ADOUR, LA DORDOGNE, LA CHARENTE ET LES COURS D'EAU CÔTIERS CHARENTAIS ET AQUITAINS",inapplicable,44.61861,2.31618
FR,FRF_TARN,euSubUnitCode,,,,,,,riverBasinDistrictSubUnit,,,,FRF_TARN,euSubUnitCode,"GARONNE, ADOUR, DORDOGNE, CHARENTE ET COURS D'EAU CÔTIERS CHARENTAIS ET AQUITAINS",FRF,euRBDCode,"LA GARONNE, L'ADOUR, LA DORDOGNE, LA CHARENTE ET LES COURS D'EAU CÔTIERS CHARENTAIS ET AQUITAINS",inapplicable,44.00708,2.39534
FR,FRG_ALA,euSubUnitCode,,,,,,,riverBasinDistrictSubUnit,,,,FRG_ALA,euSubUnitCode,LOIRE ET COURS D'EAU CÔTIERS VENDÉENS ET BRETONS,FRG,euRBDCode,"LA LOIRE, LES COURS D'EAU CÔTIERS VENDÉENS ET BRETONS",inapplicable,45.99805,3.67377
FR,FRG_LACV,euSubUnitCode,,,,,,,riverBasinDistrictSubUnit,,,,FRG_LACV,euSubUnitCode,LOIRE ET COURS D'EAU CÔTIERS VENDÉENS ET BRETONS,FRG,euRBDCode,"LA LOIRE, LES COURS D'EAU CÔTIERS VENDÉENS ET BRETONS",inapplicable,46.88694,-1.07469
FR,FRG_LMOY,euSubUnitCode,,,,,,,riverBasinDistrictSubUnit,,,,FRG_LMOY,euSubUnitCode,LOIRE ET COURS D'EAU CÔTIERS VENDÉENS ET BRETONS,FRG,euRBDCode,"LA LOIRE, LES COURS D'EAU CÔTIERS VENDÉENS ET BRETONS",inapplicable,47.14518,2.02724
FR,FRG_MSL,euSubUnitCode,,,,,,,riverBasinDistrictSubUnit,,,,FRG_MSL,euSubUnitCode,LOIRE ET COURS D'EAU CÔTIERS VENDÉENS ET BRETONS,FRG,euRBDCode,"LA LOIRE, LES COURS D'EAU CÔTIERS VENDÉENS ET BRETONS",inapplicable,48.07261,0.21712
FR,FRG_VICO,euSubUnitCode,,,,,,,riverBasinDistrictSubUnit,,,,FRG_VICO,euSubUnitCode,LOIRE ET COURS D'EAU CÔTIERS VENDÉENS ET BRETONS,FRG,euRBDCode,"LA LOIRE, LES COURS D'EAU CÔTIERS VENDÉENS ET BRETONS",inapplicable,48.13332,-2.97336
FR,FRG_VICR,euSubUnitCode,,,,,,,riverBasinDistrictSubUnit,,,,FRG_VICR,euSubUnitCode,LOIRE ET COURS D'EAU CÔTIERS VENDÉENS ET BRETONS,FRG,euRBDCode,"LA LOIRE, LES COURS D'EAU CÔTIERS VENDÉENS ET BRETONS",inapplicable,46.34661,1.08759
FR,FRH_CONO,euSubUnitCode,,,,,,,riverBasinDistrictSubUnit,,,,FRH_CONO,euSubUnitCode,SEINE ET COURS D'EAU CÔTIERS NORMANDS,FRH,euRBDCode,LA SEINE ET LES COURS D'EAU CÔTIERS NORMANDS,inapplicable,49.0472,-0.79664
FR,FRH_MARN,euSubUnitCode,,,,,,,riverBasinDistrictSubUnit,,,,FRH_MARN,euSubUnitCode,SEINE ET COURS D'EAU CÔTIERS NORMANDS,FRH,euRBDCode,LA SEINE ET LES COURS D'EAU CÔTIERS NORMANDS,inapplicable,48.72318,4.22403
FR,FRH_OISE,euSubUnitCode,,,,,,,riverBasinDistrictSubUnit,,,,FRH_OISE,euSubUnitCode,SEINE ET COURS D'EAU CÔTIERS NORMANDS,FRH,euRBDCode,LA SEINE ET LES COURS D'EAU CÔTIERS NORMANDS,inapplicable,49.40887,3.64429
FR,FRH_SEAM,euSubUnitCode,,,,,,,riverBasinDistrictSubUnit,,,,FRH_SEAM,euSubUnitCode,SEINE ET COURS D'EAU CÔTIERS NORMANDS,FRH,euRBDCode,LA SEINE ET LES COURS D'EAU CÔTIERS NORMANDS,inapplicable,48.09254,3.55871
FR,FRH_SEAV,euSubUnitCode,,,,,,,riverBasinDistrictSubUnit,,,,FRH_SEAV,euSubUnitCode,SEINE ET COURS D'EAU CÔTIERS NORMANDS,FRH,euRBDCode,LA SEINE ET LES COURS D'EAU CÔTIERS NORMANDS,inapplicable,49.21063,1.15578
FR,FRI,euSubUnitCode,,,,,,,riverBasinDistrictSubUnit,,,,FRI,euSubUnitCode,LES COURS D'EAU DE LA GUADELOUPE,FRI,euRBDCode,LES COURS D'EAU DE LA GUADELOUPE,inapplicable,16.1732,-61.44307
FR,FRJ,euSubUnitCode,,,,,,,riverBasinDistrictSubUnit,,,,FRJ,euSubUnitCode,LES COURS D'EAU DE LA MARTINIQUE,FRJ,euRBDCode,LES COURS D'EAU DE LA MARTINIQUE,inapplicable,14.64564,-61.02271
FR,FRK,euSubUnitCode,,,,,,,riverBasinDistrictSubUnit,,,,FRK,euSubUnitCode,LES FLEUVES ET COURS D'EAU CÔTIERS DE LA GUYANE,FRK,euRBDCode,LES FLEUVES ET COURS D'EAU CÔTIERS DE LA GUYANE,inapplicable,3.86687,-53.10976
FR,FRL,euSubUnitCode,,,,,,,riverBasinDistrictSubUnit,,,,FRL,euSubUnitCode,LES COURS D'EAU DE LA RÉUNION,FRL,euRBDCode,LES COURS D'EAU DE LA RÉUNION,inapplicable,-21.13072,55.5411
FR,FRM,euSubUnitCode,,,,,,,riverBasinDistrictSubUnit,,,,FRM,euSubUnitCode,MAYOTTE,FRM,euRBDCode,MAYOTTE,inapplicable,-12.83557,45.12591
HR,HRC,euRBDCode,,,,,,,,,,,,,,HRC,euRBDCode,DANUBE RIVER BASIN DISTRICT,inapplicable,45.4142,16.81859
HR,HRJ,euRBDCode,,,,,,,,,,,,,,HRJ,euRBDCode,ADRIATIC RIVER BASIN DISTRICT,inapplicable,44.00122,15.7542
HU,HU1000,euRBDCode,,,,,,,,,,,,,,HU1000,euRBDCode,HUNGARIAN PART OF THE DANUBE RIVER BASIN DISTRICT,inapplicable,47.16115,19.13522
HU,HUAEP178,euSubUnitCode,,,,,,,riverBasinDistrictSubUnit,,,,HUAEP178,euSubUnitCode,BALATON,HU1000,euRBDCode,HUNGARIAN PART OF THE DANUBE RIVER BASIN DISTRICT,inapplicable,46.70196,17.4192
HU,HUAEP179,euSubUnitCode,,,,,,,riverBasinDistrictSubUnit,,,,HUAEP179,euSubUnitCode,DRAVA,HU1000,euRBDCode,HUNGARIAN PART OF THE DANUBE RIVER BASIN DISTRICT,inapplicable,46.28964,17.25011
HU,HUAEP180,euSubUnitCode,,,,,,,riverBasinDistrictSubUnit,,,,HUAEP180,euSubUnitCode,DANUBE,HU1000,euRBDCode,HUNGARIAN PART OF THE DANUBE RIVER BASIN DISTRICT,inapplicable,47.00736,18.86511
HU,HUAEP182,euSubUnitCode,,,,,,,riverBasinDistrictSubUnit,,,,HUAEP182,euSubUnitCode,TISA,HU1000,euRBDCode,HUNGARIAN PART OF THE DANUBE RIVER BASIN DISTRICT,inapplicable,47.28652,20.70359
IE,IEGBNIIENB,euRBDCode,,,,,,,,,,,,,,IEGBNIIENB,euRBDCode,NEAGH BANN,inapplicable,54.09528,-6.534
IE,IEROI,euRBDCode,,,,,,,,,,,,,,IEROI,euRBDCode,REPUBLIC OF IRELAND,inapplicable,52.93825,-7.74738
IS,IS1,eionetRBDCode,,,,,,,,,,,,,,IS1,eionetRBDCode,ICELAND,inapplicable,,
IS,IS1,euRBDCode,,,,,,,,,,,,,,IS1,euRBDCode,ICELAND,inapplicable,64.91685,-18.83681
IT,ITA,euRBDCode,,,,,,,,,,,,,,ITA,euRBDCode,RBD ALPI ORIENTALI,inapplicable,45.99106,12.26196
IT,ITA2018,euRBDCode,,,,,,,,,,,,,,ITA2018,euRBDCode,RBD ALPI ORIENTALI,inapplicable,46.04584,12.26904
IT,ITB,euRBDCode,,,,,,,,,,,,,,ITB,euRBDCode,RBD PADANO,inapplicable,45.31188,8.92502
IT,ITB2018,euRBDCode,,,,,,,,,,,,,,ITB2018,euRBDCode,RBD FIUME PO,inapplicable,45.14174,9.14844
IT,ITC2018,euRBDCode,,,,,,,,,,,,,,ITC2018,euRBDCode,RBD APPENNINO SETTENTRIONALE,inapplicable,43.45552,11.13784
IT,ITD,euRBDCode,,,,,,,,,,,,,,ITD,euRBDCode,RBD BACINO PILOTA SERCHIO,inapplicable,44.0012,10.51611
IT,ITE,euRBDCode,,,,,,,,,,,,,,ITE,euRBDCode,RBD APPENNINO CENTRALE,inapplicable,42.48768,13.00237
IT,ITE2018,euRBDCode,,,,,,,,,,,,,,ITE2018,euRBDCode,RBD APPENNINO CENTRALE,inapplicable,42.58148,12.83277
IT,ITF2018,euRBDCode,,,,,,,,,,,,,,ITF2018,euRBDCode,RBD APPENNINO MERIDIONALE,inapplicable,40.98591,15.63549
IT,ITG2018,euRBDCode,,,,,,,,,,,,,,ITG2018,euRBDCode,RBD SARDEGNA,inapplicable,40.03002,8.97983
IT,ITH2018,euRBDCode,,,,,,,,,,,,,,ITH2018,euRBDCode,RBD SICILIA,inapplicable,37.47446,14.13125
LT,LT1100,euRBDCode,,,,,,,,,,,,,,LT1100,euRBDCode,NEMUNAS,inapplicable,55.01662,24.40997
LT,LT2300,euRBDCode,,,,,,,,,,,,,,LT2300,euRBDCode,VENTA,inapplicable,56.02157,22.66401
LT,LT3400,euRBDCode,,,,,,,,,,,,,,LT3400,euRBDCode,LIELUPE,inapplicable,56.02871,24.58796
LT,LT4500,euRBDCode,,,,,,,,,,,,,,LT4500,euRBDCode,DAUGUVA,inapplicable,55.42505,26.40945
LT,LT00070001,euSubUnitCode,,,,,,,riverBasinDistrictSubUnit,,,,LT00070001,euSubUnitCode,KURSIU MARIOS,LT1100,euRBDCode,NEMUNAS,inapplicable,55.45465,21.14104
LT,LT111000000,euSubUnitCode,,,,,,,riverBasinDistrictSubUnit,,,,LT111000000,euSubUnitCode,NEMUNO MAZUJU INTAKU PABASEINIS,LT1100,euRBDCode,NEMUNAS,inapplicable,54.67179,24.23514
LT,LT111110000,euSubUnitCode,,,,,,,riverBasinDistrictSubUnit,,,,LT111110000,euSubUnitCode,MERKIO PABASEINIS,LT1100,euRBDCode,NEMUNAS,inapplicable,54.25377,24.75504
LT,LT111200000,euSubUnitCode,,,,,,,riverBasinDistrictSubUnit,,,,LT111200000,euSubUnitCode,NERIES PABASEINIS,LT1100,euRBDCode,NEMUNAS,inapplicable,54.83746,25.24031
LT,LT111210000,euSubUnitCode,,,,,,,riverBasinDistrictSubUnit,,,,LT111210000,euSubUnitCode,ZEIMENOS PABASEINIS,LT1100,euRBDCode,NEMUNAS,inapplicable,55.21937,25.91599
LT,LT111220000,euSubUnitCode,,,,,,,riverBasinDistrictSubUnit,,,,LT111220000,euSubUnitCode,SVENTOSIOS PABASEINIS,LT1100,euRBDCode,NEMUNAS,inapplicable,55.48621,25.38852
LT,LT111300000,euSubUnitCode,,,,,,,riverBasinDistrictSubUnit,,,,LT111300000,euSubUnitCode,NEVEZIO PABASEINIS,LT1100,euRBDCode,NEMUNAS,inapplicable,55.3965,24.09734
LT,LT111400000,euSubUnitCode,,,,,,,riverBasinDistrictSubUnit,,,,LT111400000,euSubUnitCode,DUBYSOS PABASEINIS,LT1100,euRBDCode,NEMUNAS,inapplicable,55.49751,23.24043
LT,LT111500000,euSubUnitCode,,,,,,,riverBasinDistrictSubUnit,,,,LT111500000,euSubUnitCode,SESUPES PABASEINIS,LT1100,euRBDCode,NEMUNAS,inapplicable,54.62825,23.18206
LT,LT111600000,euSubUnitCode,,,,,,,riverBasinDistrictSubUnit,,,,LT111600000,euSubUnitCode,JUROS PABASEINIS,LT1100,euRBDCode,NEMUNAS,inapplicable,55.42109,22.5525
LT,LT111700000,euSubUnitCode,,,,,,,riverBasinDistrictSubUnit,,,,LT111700000,euSubUnitCode,MINIJOS PABASEINIS,LT1100,euRBDCode,NEMUNAS,inapplicable,55.73794,21.58387
LT,LT120000000,euSubUnitCode,,,,,,,riverBasinDistrictSubUnit,,,,LT120000000,euSubUnitCode,LIETUVOS PAJURIO UPIU BASEINAS,LT1100,euRBDCode,NEMUNAS,inapplicable,55.82842,21.28483
LT,LT160000000,euSubUnitCode,,,,,,,riverBasinDistrictSubUnit,,,,LT160000000,euSubUnitCode,PRIEGLIAUS BASEINAS,LT1100,euRBDCode,NEMUNAS,inapplicable,54.42932,22.7717
LT,LT230000000,euSubUnitCode,,,,,,,riverBasinDistrictSubUnit,,,,LT230000000,euSubUnitCode,VENTOS BASEINAS,LT2300,euRBDCode,VENTA,inapplicable,56.02157,22.66401
LT,LT270000000,euSubUnitCode,,,,,,,riverBasinDistrictSubUnit,,,,LT270000000,euSubUnitCode,SVENTOSIOS BASEINAS,LT2300,euRBDCode,VENTA,inapplicable,56.07431,21.21624
LT,LT280000000,euSubUnitCode,,,,,,,riverBasinDistrictSubUnit,,,,LT280000000,euSubUnitCode,BARTUVOS BASEINAS,LT2300,euRBDCode,VENTA,inapplicable,56.21381,21.73315
LT,LT344000000,euSubUnitCode,,,,,,,riverBasinDistrictSubUnit,,,,LT344000000,euSubUnitCode,LIELUPES MAZUJU INTAKU PABASEINIS,LT3400,euRBDCode,LIELUPE,inapplicable,56.22422,23.68406
LT,LT344100000,euSubUnitCode,,,,,,,riverBasinDistrictSubUnit,,,,LT344100000,euSubUnitCode,MUSOS PABASEINIS,LT3400,euRBDCode,LIELUPE,inapplicable,55.95407,24.26529
LT,LT344200000,euSubUnitCode,,,,,,,riverBasinDistrictSubUnit,,,,LT344200000,euSubUnitCode,NEMUNELIO PABASEINIS,LT3400,euRBDCode,LIELUPE,inapplicable,56.16626,25.00654
LT,LT450000000,euSubUnitCode,,,,,,,riverBasinDistrictSubUnit,,,,LT450000000,euSubUnitCode,DAUGUVOS BASEINAS,LT4500,euRBDCode,DAUGUVA,inapplicable,55.42505,26.40945
LU,LU000,euRBDCode,,,,,,,,,,,,,,LU000,euRBDCode,RHINE,inapplicable,49.81334,6.08838
LU,LU001,euRBDCode,,,,,,,,,,,,,,LU001,euRBDCode,MEUSE,inapplicable,49.55117,5.89267
LV,LVDUBA,euRBDCode,,,,,,,,,,,,,,LVDUBA,euRBDCode,DAUGAVAS UPJU BASEINU APGABALS,inapplicable,56.61765,26.41286
LV,LVGUBA,euRBDCode,,,,,,,,,,,,,,LVGUBA,euRBDCode,GAUJAS UPJU BASEINU APGABALS,inapplicable,57.55534,25.40821
LV,LVLUBA,euRBDCode,,,,,,,,,,,,,,LVLUBA,euRBDCode,LIELUPES UPJU BASEINU APGABALS,inapplicable,56.59332,23.77554
LV,LVVUBA,euRBDCode,,,,,,,,,,,,,,LVVUBA,euRBDCode,VENTAS UPJU BASEINU APGABALS,inapplicable,56.92429,22.22919
MT,MTMALTA,euRBDCode,,,,,,,,,,,,,,MTMALTA,euRBDCode,MALTA,inapplicable,35.93446,14.38755
NL,NLEM,euRBDCode,,,,,,,,,,,,,,NLEM,euRBDCode,EEMS,inapplicable,53.24148,6.92497
NL,NLMS,euRBDCode,,,,,,,,,,,,,,NLMS,euRBDCode,MAAS,inapplicable,51.42085,5.6526
NL,NLRN,euRBDCode,,,,,,,,,,,,,,NLRN,euRBDCode,RIJN,inapplicable,52.70539,5.68243
NL,NLSC,euRBDCode,,,,,,,,,,,,,,NLSC,euRBDCode,SCHELDE,inapplicable,51.57618,3.67259
NO,NO1101,euRBDCode,,,,,,,,,,,,,,NO1101,euRBDCode,MOERE AND ROMSDAL,inapplicable,62.79235,7.76653
NO,NO1102,euRBDCode,,,,,,,,,,,,,,NO1102,euRBDCode,TROENDELAG,inapplicable,63.92075,10.44468
NO,NO1103,euRBDCode,,,,,,,,,,,,,,NO1103,euRBDCode,NORDLAND,inapplicable,67.18477,14.12587
NO,NO1104,euRBDCode,,,,,,,,,,,,,,NO1104,euRBDCode,TROMS,inapplicable,69.44418,19.43148
NO,NO1105,euRBDCode,,,,,,,,,,,,,,NO1105,euRBDCode,FINNMARK,inapplicable,69.92246,24.15875
NO,NO1106,euRBDCode,,,,,,,,,,,,,,NO1106,euRBDCode,NORWEGIAN - FINNISH,inapplicable,69.78528,29.71422
NO,NO2,euRBDCode,,,,,,,,,,,,,,NO2,euRBDCode,BOTHNIAN SEA,inapplicable,64.43363,13.98779
NO,NO5,euRBDCode,,,,,,,,,,,,,,NO5,euRBDCode,SKAGERRAK AND KATTEGAT,inapplicable,62.17892,11.97128
NO,NO5101,euRBDCode,,,,,,,,,,,,,,NO5101,euRBDCode,GLOMMA,inapplicable,60.88848,11.27654
NO,NO5102,euRBDCode,,,,,,,,,,,,,,NO5102,euRBDCode,WEST-BAY,inapplicable,60.08838,8.6943
NO,NO5103,euRBDCode,,,,,,,,,,,,,,NO5103,euRBDCode,AGDER,inapplicable,58.8228,7.87133
NO,NO5104,euRBDCode,,,,,,,,,,,,,,NO5104,euRBDCode,ROGALAND,inapplicable,59.15404,5.93869
NO,NO5105,euRBDCode,,,,,,,,,,,,,,NO5105,euRBDCode,HORDALAND,inapplicable,60.24853,6.09837
NO,NO5106,euRBDCode,,,,,,,,,,,,,,NO5106,euRBDCode,SOGN OG FJORDANE,inapplicable,61.42243,6.34371
PL,PL2000,euRBDCode,,,,,,,,,,,,,,PL2000,euRBDCode,VISTULA RIVER BASIN DISTRICT,inapplicable,51.91891,21.42056
PL,PL6000,euRBDCode,,,,,,,,,,,,,,PL6000,euRBDCode,ODER RIVER BASIN DISTRICT,inapplicable,52.1328,16.91582
PL,PL7000,euRBDCode,,,,,,,,,,,,,,PL7000,euRBDCode,PREGOLYA RIVER BASIN DISTRICT,inapplicable,53.91512,20.70926
PL,PL8000,euRBDCode,,,,,,,,,,,,,,PL8000,euRBDCode,NEMUNAS RIVER BASIN DISTRICT,inapplicable,54.07383,23.21166
PT,PTRH1,euRBDCode,,,,,,,,,,,,,,PTRH1,euRBDCode,MINHO AND LIMA,inapplicable,41.86181,-8.53027
PT,PTRH10,euRBDCode,,,,,,,,,,,,,,PTRH10,euRBDCode,MADEIRA,inapplicable,32.6381,-16.80709
PT,PTRH2,euRBDCode,,,,,,,,,,,,,,PTRH2,euRBDCode,"CAVADO, AVE AND LECA",inapplicable,41.52132,-8.45294
PT,PTRH3,euRBDCode,,,,,,,,,,,,,,PTRH3,euRBDCode,DOURO,inapplicable,41.12321,-7.7843
PT,PTRH4A,euRBDCode,,,,,,,,,,,,,,PTRH4A,euRBDCode,"VOUGA, MONDEGO AND LIS",inapplicable,40.24158,-8.31788
PT,PTRH5A,euRBDCode,,,,,,,,,,,,,,PTRH5A,euRBDCode,TAGUS AND WEST RIVERS,inapplicable,39.45598,-8.43487
PT,PTRH6,euRBDCode,,,,,,,,,,,,,,PTRH6,euRBDCode,SADO AND MIRA,inapplicable,38.03368,-8.4783
PT,PTRH7,euRBDCode,,,,,,,,,,,,,,PTRH7,euRBDCode,GUADIANA,inapplicable,37.97296,-7.55708
PT,PTRH8,euRBDCode,,,,,,,,,,,,,,PTRH8,euRBDCode,ALGARVE RIVERS,inapplicable,37.21506,-8.45965
RO,RO1000,euRBDCode,,,,,,,,,,,,,,RO1000,euRBDCode,DANUBE RIVER BASIN DISTRICT,inapplicable,45.94209,24.30289
RS,RS1,eionetRBDCode,,,,,,,,,,,,,,RS1,eionetRBDCode,SERBIA,inapplicable,43.7655,20.91068
SE,SE1,euRBDCode,,,,,,,,,,,,,,SE1,euRBDCode,BOTHNIAN BAY (SWEDEN),inapplicable,65.74736,19.32006
SE,SE1TO,euRBDCode,,,,,,,,,,,,,,SE1TO,euRBDCode,BOTHNIAN BAY (INTERNATIONAL DISTRICT TORNE RIVER - SWEDEN),inapplicable,68.22,21.10315
SE,SE2,euRBDCode,,,,,,,,,,,,,,SE2,euRBDCode,BOTHNIAN SEA (SWEDEN),inapplicable,62.70313,15.19615
SE,SE3,euRBDCode,,,,,,,,,,,,,,SE3,euRBDCode,NORTH BALTIC SEA (SWEDEN),inapplicable,59.61209,17.23547
SE,SE4,euRBDCode,,,,,,,,,,,,,,SE4,euRBDCode,SOUTH BALTIC SEA (SWEDEN),inapplicable,57.50184,14.87673
SE,SE5,euRBDCode,,,,,,,,,,,,,,SE5,euRBDCode,SKAGERRAK AND KATTEGAT (SWEDEN),inapplicable,58.59589,12.88379
SE,SE1102,euSubUnitCode,,,,,,,riverBasinDistrictSubUnit,,,,SE1102,euSubUnitCode,BOTHNIAN SEA (INTERNATIONAL DRAINAGE BASIN TRONDELAGSFYLKENE - SWEDEN),SE1102,euRBDCode,BOTHNIAN SEA (INTERNATIONAL DRAINAGE BASIN TRONDELAGSFYLKENE - SWEDEN),inapplicable,62.89037,12.27444
SE,SE1TO,euSubUnitCode,,,,,,,riverBasinDistrictSubUnit,,,,SE1TO,euSubUnitCode,BOTHNIAN BAY (INTERNATIONAL DISTRICT TORNE RIVER - SWEDEN),SE1TO,euRBDCode,BOTHNIAN BAY (INTERNATIONAL DISTRICT TORNE RIVER - SWEDEN),inapplicable,68.22,21.10315
SI,SIRBD1,euRBDCode,,,,,,,,,,,,,,SIRBD1,euRBDCode,DANUBE,inapplicable,46.14905,14.83423
SI,SIRBD1,euSubUnitCode,,,,,,,riverBasinDistrictSubUnit,,,,SIRBD1,euSubUnitCode,DANUBE,SIRBD1,euRBDCode,DANUBE,inapplicable,46.14905,14.83423
SI,SIRBD2,euSubUnitCode,,,,,,,riverBasinDistrictSubUnit,,,,SIRBD2,euSubUnitCode,ADRIATIC,SIRBD2,euRBDCode,ADRIATIC,inapplicable,45.84276,13.93801
SK,SK30000,euRBDCode,,,,,,,,,,,,,,SK30000,euRBDCode,VISTULA,inapplicable,49.21021,20.46599
SK,SK40000,euRBDCode,,,,,,,,,,,,,,SK40000,euRBDCode,DANUBE,inapplicable,48.67259,19.6357
SK,SK30000RB1SB1,euSubUnitCode,,,,,,,riverBasinDistrictSubUnit,,,,SK30000RB1SB1,euSubUnitCode,DUNAJEC A POPRAD,SK30000,euRBDCode,VISTULA,inapplicable,49.21022,20.466
SK,SK40000RB2SB10,euSubUnitCode,,,,,,,riverBasinDistrictSubUnit,,,,SK40000RB2SB10,euSubUnitCode,BODROG,SK40000,euRBDCode,DANUBE,inapplicable,48.85124,21.76972
SK,SK40000RB2SB2,euSubUnitCode,,,,,,,riverBasinDistrictSubUnit,,,,SK40000RB2SB2,euSubUnitCode,MORAVA,SK40000,euRBDCode,DANUBE,inapplicable,48.62621,17.22652
SK,SK40000RB2SB3,euSubUnitCode,,,,,,,riverBasinDistrictSubUnit,,,,SK40000RB2SB3,euSubUnitCode,DUNAJ,SK40000,euRBDCode,DANUBE,inapplicable,47.76599,17.91378
SK,SK40000RB2SB4,euSubUnitCode,,,,,,,riverBasinDistrictSubUnit,,,,SK40000RB2SB4,euSubUnitCode,VÁH,SK40000,euRBDCode,DANUBE,inapplicable,48.68182,18.13464
SK,SK40000RB2SB5,euSubUnitCode,,,,,,,riverBasinDistrictSubUnit,,,,SK40000RB2SB5,euSubUnitCode,HRON,SK40000,euRBDCode,DANUBE,inapplicable,48.6637,19.28473
SK,SK40000RB2SB6,euSubUnitCode,,,,,,,riverBasinDistrictSubUnit,,,,SK40000RB2SB6,euSubUnitCode,IPEĽ,SK40000,euRBDCode,DANUBE,inapplicable,48.21986,19.14488
SK,SK40000RB2SB7,euSubUnitCode,,,,,,,riverBasinDistrictSubUnit,,,,SK40000RB2SB7,euSubUnitCode,SLANÁ,SK40000,euRBDCode,DANUBE,inapplicable,48.49172,20.17789
SK,SK40000RB2SB8,euSubUnitCode,,,,,,,riverBasinDistrictSubUnit,,,,SK40000RB2SB8,euSubUnitCode,HORNÁD,SK40000,euRBDCode,DANUBE,inapplicable,48.88774,20.81672
SK,SK40000RB2SB9,euSubUnitCode,,,,,,,riverBasinDistrictSubUnit,,,,SK40000RB2SB9,euSubUnitCode,BODVA,SK40000,euRBDCode,DANUBE,inapplicable,48.6225,20.97837
UK,UKGNSEA,eionetRBDCode,,,,,,,,,,,,,,UKGNSEA,eionetRBDCode,UNKNOWN,inapplicable,,
UK,UK01,euRBDCode,,,,,,,,,,,,,,UK01,euRBDCode,SCOTLAND,inapplicable,57.20188,-4.76743
UK,UK02,euRBDCode,,,,,,,,,,,,,,UK02,euRBDCode,SOLWAY TWEED,inapplicable,55.14314,-3.53084
UK,UK03,euRBDCode,,,,,,,,,,,,,,UK03,euRBDCode,NORTHUMBRIA,inapplicable,55.09033,-1.75197
UK,UK04,euRBDCode,,,,,,,,,,,,,,UK04,euRBDCode,HUMBER,inapplicable,53.4557,-0.8202
UK,UK05,euRBDCode,,,,,,,,,,,,,,UK05,euRBDCode,ANGLIAN,inapplicable,52.4647,0.36808
UK,UK06,euRBDCode,,,,,,,,,,,,,,UK06,euRBDCode,THAMES,inapplicable,51.62718,-0.90391
UK,UK07,euRBDCode,,,,,,,,,,,,,,UK07,euRBDCode,SOUTH EAST,inapplicable,51.05259,-0.39409
UK,UK08,euRBDCode,,,,,,,,,,,,,,UK08,euRBDCode,SOUTH WEST,inapplicable,50.66651,-3.98969
UK,UK09,euRBDCode,,,,,,,,,,,,,,UK09,euRBDCode,SEVERN,inapplicable,52.05803,-2.58441
UK,UK10,euRBDCode,,,,,,,,,,,,,,UK10,euRBDCode,WESTERN WALES,inapplicable,51.81928,-4.26927
UK,UK11,euRBDCode,,,,,,,,,,,,,,UK11,euRBDCode,DEE,inapplicable,53.08736,-2.98921
UK,UK12,euRBDCode,,,,,,,,,,,,,,UK12,euRBDCode,NORTH WEST,inapplicable,53.83015,-2.82117
UK,UKGBNIIENB,euRBDCode,,,,,,,,,,,,,,UKGBNIIENB,euRBDCode,NEAGH BANN,inapplicable,54.58679,-6.60066
UK,UKGBNIIENW,euRBDCode,,,,,,,,,,,,,,UKGBNIIENW,euRBDCode,NORTH WESTERN,inapplicable,54.65072,-7.47732
UK,UKGBNINE,euRBDCode,,,,,,,,,,,,,,UKGBNINE,euRBDCode,NORTH EASTERN,inapplicable,54.64592,-5.73583
UK,UK01SU01,euSubUnitCode,,,,,,,riverBasinDistrictSubUnit,,,,UK01SU01,euSubUnitCode,NORTH EAST SCOTLAND,UK01,euRBDCode,SCOTLAND,inapplicable,57.29169,-2.92292
UK,UK01SU02,euSubUnitCode,,,,,,,riverBasinDistrictSubUnit,,,,UK01SU02,euSubUnitCode,TAY,UK01,euRBDCode,SCOTLAND,inapplicable,56.60563,-3.49868
UK,UK01SU03,euSubUnitCode,,,,,,,riverBasinDistrictSubUnit,,,,UK01SU03,euSubUnitCode,FORTH,UK01,euRBDCode,SCOTLAND,inapplicable,56.05881,-3.17233
UK,UK01SU06,euSubUnitCode,,,,,,,riverBasinDistrictSubUnit,,,,UK01SU06,euSubUnitCode,CLYDE,UK01,euRBDCode,SCOTLAND,inapplicable,55.67566,-4.43527
UK,UK01SU07,euSubUnitCode,,,,,,,riverBasinDistrictSubUnit,,,,UK01SU07,euSubUnitCode,ARGYLL,UK01,euRBDCode,SCOTLAND,inapplicable,56.13496,-5.94613
UK,UK01SU08,euSubUnitCode,,,,,,,riverBasinDistrictSubUnit,,,,UK01SU08,euSubUnitCode,WEST HIGHLAND,UK01,euRBDCode,SCOTLAND,inapplicable,57.51442,-6.48055
UK,UK01SU09,euSubUnitCode,,,,,,,riverBasinDistrictSubUnit,,,,UK01SU09,euSubUnitCode,NORTH HIGHLAND,UK01,euRBDCode,SCOTLAND,inapplicable,57.8551,-4.1653
UK,UK01SU10,euSubUnitCode,,,,,,,riverBasinDistrictSubUnit,,,,UK01SU10,euSubUnitCode,ORKNEY AND SHETLAND,UK01,euRBDCode,SCOTLAND,inapplicable,60.35464,-1.3348
UK,UK02,euSubUnitCode,,,,,,,riverBasinDistrictSubUnit,,,,UK02,euSubUnitCode,SOLWAY TWEED,UK02,euRBDCode,SOLWAY TWEED,inapplicable,55.14314,-3.53084
